id,title,selftext,author,score,num_comments,created_utc,permalink
1lhedcd,Satan Laughing Spreads His Wings,,FFS_IsThisNameTaken2,37,79,1750563094.0,https://www.reddit.com/r/conspiracy/comments/1lhedcd/satan_laughing_spreads_his_wings/
1ljqjmi,RIP Marjorie Taylor Greene,,Professional-Roll283,5960,437,1750808052.0,https://www.reddit.com/r/conspiracy/comments/1ljqjmi/rip_marjorie_taylor_greene/
1ljziul,Was Gaddafi done dirty?,"The toppling of Muammar Gaddafi in Libya in 2011, part of the larger Arab Spring movement (which totally wasnâ€™t CIA-backed), led to a devastating chain reaction that is still affecting the West to this day.

Sit tight kids, this is going to be a long one.

Gaddafi came to power in 1969. He nationalized the oil industry, taking it away from the foreign corporations. He took the vast profits, reinvesting it into the countryâ€™s social welfare programs, vastly improving the state of healthcare and education in Libya in a single generation. There was free healthcare and education up to university level for both sexes. Massive housing complexes were built in the major cities, with housing being declared a human rights and subsidies given to families. Gaddafi also heavily invested in the Great Man-Made River project, which aimed to provide a sustainable water supply for Libya. Libya had the highest human development index (HDI) in mainland Africa. 

Now, obviously Gaddafi was a dictator. There was corruption and a massive cult of personality around Gaddafi. He brutally killed and tortured his enemies throughout his reign. Freedom of press? Forget about it. He started a war with neighboring Chad (and by extension France) over minerals in the 1980s, which put him on the radar as an enemy of the West. Now, remember that this was a pretty small scale war compared to Saddam invading Iran. Gaddafiâ€™s forces were also responsible for the 1988 Lockerbie bombing, which killed 270 people: https://en.m.wikipedia.org/wiki/Pan_Am_Flight_103 

The rural regions of his country were underdeveloped and neglected. There were constantly rebel groups in his country, at varying levels of strength, trying to overthrow him. But as far as evil African dictators go, Gaddafi doesnâ€™t even crack the Top 20 list. 

In 2009, Gaddafi made a speech at the UN, calling out Zionist Israel and the imperialist intentions of the US. I used to think he was crazy, but looking back, a lot of the things he said made sense:
https://youtu.be/PBRqqa7ZpeQ?si=ssIgF6EOoEMey1U-

In 2011, when the Arab Spring came, Gaddafi was on edge and ready to crush any rebels with force. This is after Gaddafi willingly gave up his nuclear weapons program in 2003, probably after seeing what happened with Iraq and their WMD situation. Little did Gaddafi know, but this disarming would lead to his downfall. Obama was hoping to show his tough stance in the Middle East, the Arab Spring was in full swing, and the IMF was throwing their funding behind the rebel forces. Netanyahu got up and told the UN that Libya was an â€œexistential threatâ€ and violator of human rights similar to Iran. Gaddafiâ€™s reaction to the Arab Spring revolution in Libya was allegedly â€œcrimes against humanityâ€ according to NATO, which justified intervention: https://foreignpolicy.com/2016/03/22/libya-and-the-myth-of-humanitarian-intervention/ 

A no-fly zone was instituted by the UN, nothing goes in or out. With these conditions, Libya didnâ€™t stand a chance. In a matter of months, Gaddafi was deposed and being sodomized by a bayonet by rebel forces in the streets. Intervention turned into regime change. The country fell into a prolonged insurgency between several factions due to the power vacuum. What happened to the massive arms caches of the Libyan military? Sold off to Al Qaeda and other Islamist groups in other parts of the Middle East, only fueling more violence in places like Syria and Iraq in the midst of their civil wars.

Fast forward to 2025. Libya is still recovering from a 9-year long civil war which devastated the country. The GDP is literally HALF of what it was in 2012. The infrastructure is crumbling, there is a coalition government that isnâ€™t really democratic, and there are still open-air slave markets: https://www.growthinktank.org/en/the-return-of-slavery-in-libya/

Gaddafi famously said that if he was taken out that Europe would be flooded with â€œmillions of blacks.â€

Whatâ€™s happened Europe? Libya, due to its proximity to mainland Europe, is now a major transfer point for migrants. Europe is being flooded with migrants from sub-Saharan Africa arriving via boat. Additionally, it was, until recently, being flooded by migrants from the Levant due to the Syrian civil war. ISIS and Al Qaeda, armed with Libyan weapons, spread terror across the region. The rebels, who expected international support on the same level of the Libyan rebels, which they never received, continued to fight on for 10+ years until Assad finally fell. 


There are now over 13 million refugees in Europe. These numbers are unsustainable and the social programs in countries like France, Germany, Greece, Italy, and Spain are heavily strained trying to accommodate them. During the Gaddafi years, there was tight border control and these migrants were given temporary housing within the country. Nowadays, with all the systems gone, itâ€™s a free-for-all. This has led to numerous political crises in Europe including terror attacks, lack of assimilation, and ultranationalism.

Was Gaddafi a good guy? Nope. But if Israel, the United States, and the rest of NATO hadnâ€™t decided to topple his regime, I feel like the world would have been a lot better off. ",Professional-Roll283,747,55,1750837253.0,https://www.reddit.com/r/conspiracy/comments/1ljziul/was_gaddafi_done_dirty/
1ljzk6x,RFK Jr: â€œMy vision is that every American is wearing a wearable within 4 yearsâ€,"Now I understand why they keep him around

https://x.com/HustleBitch_/status/1937552935220854849",HTXPhoenix,249,226,1750837415.0,https://www.reddit.com/r/conspiracy/comments/1ljzk6x/rfk_jr_my_vision_is_that_every_american_is/
1ljjow7,JFK/Israel Nuclear Program,"What's your thoughts?

",Ubqrvllenthw,2362,116,1750791446.0,https://www.reddit.com/r/conspiracy/comments/1ljjow7/jfkisrael_nuclear_program/
1ljuj9y,Ohhh Yeahhhh,Unless I missed it? ðŸ˜‚ Please let me know if I did I would die laughing,sun_blood,390,29,1750819679.0,https://www.reddit.com/r/conspiracy/comments/1ljuj9y/ohhh_yeahhhh/
1lj8i71,ooh.. ðŸ‘€,,Vegetable_Ad_192,3386,604,1750764207.0,https://www.reddit.com/r/conspiracy/comments/1lj8i71/ooh/
1ljlje2,Why so serious.,"If he had to be denied for a legitimate reason then fine, heâ€™s not entitled to entry. But over a JD Vance meme? Overly sensitive at this point. Even MAGA loved those memes.",LeftBrainDominant,629,320,1750795692.0,https://www.reddit.com/r/conspiracy/comments/1ljlje2/why_so_serious/
1ljk0mv,Ceasefire was another flop.,"This is the 963rd ceasefire Israel has violated. Israelis are threatening false flags on America, potentially nuclear. Now theyâ€™re openly plotting raising the 3rd Temple. They are forging prophecies from Revelation and attempting to bring on the end times.",LeftBrainDominant,668,184,1750792177.0,https://www.reddit.com/r/conspiracy/comments/1ljk0mv/ceasefire_was_another_flop/
1ljl3au,A picture is worth a thousand words.,,ReasonablyRedacted,571,22,1750794654.0,https://www.reddit.com/r/conspiracy/comments/1ljl3au/a_picture_is_worth_a_thousand_words/
1ljpxt0,Syringe Attacks at France Music Festivalâ€¦,"https://www.cnn.com/2025/06/24/europe/syringe-attack-france-festival-victim-account-intl-latam

At least 150 individuals confirmed being jabbed with unknown substance and likely hundreds others. In this article the one girl states was informed would be 2 weeks before getting back toxicology report. French government has stated taking attacks seriously yet how can they not immediately discover what all these individuals were injected with? There is no quarantine taking place and so if these victims were injected with a bio weapon then they could potentially be transmitting to everyone coming in contact with. 

There is mention of this possibly being ghb or some kind of date rape drug but Iâ€™ve found no reports of anyone yet proclaiming to have experienced rape or any other assault. While few did have reports of feeling dazed or having mild memory loss there not the signs you typically see with date rape drugsâ€¦.which is rape! And while this very likely could be what happened to these victims the off chance itâ€™s not could be damning. With this being Festival held throughout country with individuals flying in from across globe is giving me deja vu of The World Military Games held in Wuhan immediately before Pandemic kicked off. Also AstroWorld Concert had reports of individuals being pricked with needles. ",1Reillya,306,114,1750806488.0,https://www.reddit.com/r/conspiracy/comments/1ljpxt0/syringe_attacks_at_france_music_festival/
1lj8i2l,Lucky Larry Silverstein,,AnomLenskyFeller,2682,224,1750764195.0,https://www.reddit.com/r/conspiracy/comments/1lj8i2l/lucky_larry_silverstein/
1lk27ly,Are people evolving into something inhuman?,"This might be a rant, but Iâ€™ve felt a huge shift in the day to day interactions with people, their overall mood and humility has shifted, and not for the better. Has anyone else noticed this?

I think the events around 2020 - 2022 that we shall not mention in this sub have had a lot to do with it, And now post build-back-better, with the financial word supporting the ultra wealthy, at the expense of everyone else, and cost of living crisis, not to mention the global powder keg that is current geo politics, is there something behind this shift?
Chemically? Spiritually? Subliminally?
We are in for a tough few years ahead, humanity has been tested before, but itâ€™s not the 1920â€™s and 1930â€™s anymore, people are far less kind and patient these days with one another",murphytime101,28,36,1750847723.0,https://www.reddit.com/r/conspiracy/comments/1lk27ly/are_people_evolving_into_something_inhuman/
1lk2ojg,"Actual conspiracy: The Ayotzinapa student erasure in Mexico Sep. 26, 2014","A conspiracy I feel more people should know about. It involves student activists, gangs, and alleged corrupt State leadership to the top of the chain. All involved are presumed innocent until proven otherwise. 

**Wikipedia** **-** ""On September 26, 2014, forty-three male students from theÂ Ayotzinapa Rural Teachers' CollegeÂ disappeared after being forciblyÂ abductedÂ inÂ Iguala, Guerrero, Mexico, in what has been called one of Mexicoâ€™s most infamous human rights cases.Â They were allegedly taken into custody by local police officers from Iguala andÂ CoculaÂ in collusion withÂ [ ](https://en.wikipedia.org/wiki/Organised_crime)organized crime with later evidence implicating theÂ Mexican Army.Â Officials have concluded there is no indication the students are alive,Â but as of 2025, only three students' remains have been identified and their deaths confirmed.""

**New York Times -** July 15, 2025 - *In relation to Mexico's top investigator, Tomas Zeron, (FBI Director equivalent) who fled to Israel after being accused of a cover up in the case. He maintains his innocence.*

""Under pressure to solve the crime by Mexicoâ€™s president at the time, Enrique PeÃ±a Nieto, who had promised to crack down on crime and impunity, Mr. ZerÃ³nâ€™s investigation found that the Iguala police officers had been working with a criminal group that killed the students, burned their bodies and disposed of their ashes in a river.""

""But a panel of international investigators discredited his investigation, finding that crucial testimony was obtained under torture, evidence was mishandled and promising leads ignored. In particular, the presence of soldiers and federal police officers at the scene was dismissed by Mr. ZerÃ³nâ€™s investigation, which portrayed the attack as a strictly local matter involving a corrupt local police force.""

\*On Israel's refusal to extradite

""The senior Israeli official cited the policies of the LÃ³pez Obrador administration, which has repeatedly supported resolutions criticizing Israel at the United Nations Human Rights Council in Geneva, including decisions to investigate Israelâ€™s killing of Palestinian protesters in Gaza in 2018 andÂ the killing of civilians in GazaÂ during a brief war against Hamas in May.""

**TIMESOFISRAEL** \- ""TomÃ¡s ZerÃ³n tells investigators that former leader PeÃ±a Nieto and other high-ranking officials were present in meeting where false explanation was invented""

\---------------------------------------------------------------------------------------------------------

**This part is not an ""official"" conclusion, but something suspected and agreed upon by many in Mexico including families of the disappeared. Mexico's history of repression of Indigenous activists, student activists, and other social reform activists must be noted. Most notoriously the Tlatelolco massacre of 1968 in Mexico City.**

^(vvvvvvvvvvvvvvvvvvvvvvvvvvvvvvvvvvvvvvvvvvvvvvvvvvvvvvvvvvvvvvvvvvvvvvvvvvvvvvvvvvvvvvvvvvvvvvvvvvvvvvvvvvv)

**Freedom Socialist Party - Socialism . com -** Ayotzinapa: A case of brutal state repression

""In a new book, CuauhtÃ©moc RuizÂ documents how the Mexican government planned and orchestrated the disappearance of 43 students from a teachers college in Ayotzinapa. This exposÃ© now serves as an important tool in a continuing struggle for justice.""

""On Sept. 26, 2014, the government of Mexico engineered the disappearance of 43 indigenous students from the teachersâ€™ college of Ayotzinapa in the southwestern state of Guerrero. CuauhtÃ©moc Ruiz, author of La imbatible Ayotzinapa y el Estado contrainsurgente (*Indomitable Ayotzinapa and the Counterinsurgent State*), exposes collusion between the political establishment, the federal police, the Mexican military and drug cartels in a brutal act of government-sponsored repression.""

A pattern of government repression.

""TheÂ *Escuela Normal Rural de Ayotzinapa*Â is one of seventeen teachersâ€™ colleges providing training for poor communities. A product of the 1910â€“1920 Mexican Revolution, these colleges provide free education. Since their inception, students (*normalistas*) have been trained to address the social and economic needs of rural people. Socialism and Mexicoâ€™s rich history of radical activism are common in these schools, which for decades have been focal points for political organizing. Mexicoâ€™s ruling elite would like to shut them down.

In December 2011, 250 Ayotzinapa students organized to demand resources for their school. When they blocked a major highway to Chilpancingo, 100 police shot at them with high-powered rifles. Two students and another person were killed. Others were injured, arrested and tortured. The testimony of witnesses and video footage established the culpability of the government. Learning from this fiasco, the authorities established a plan to crush the next upsurge of indigenous student rebellion. They embedded spies at the college and devised a scheme to attack theÂ *normalistas*Â far from Ayotzinapa and away from public view.""



",Left_Pomelo_7491,24,6,1750849327.0,https://www.reddit.com/r/conspiracy/comments/1lk2ojg/actual_conspiracy_the_ayotzinapa_student_erasure/
1ljhweg,"Ladies & Gents, I present the current sitting POTUSâ€¦.",,cavalier731,532,152,1750787408.0,https://www.reddit.com/r/conspiracy/comments/1ljhweg/ladies_gents_i_present_the_current_sitting_potus/
1lj8k36,"And if you ever think ""Oh no they wouldn't"", oh yes they would",,AnomLenskyFeller,1693,294,1750764374.0,https://www.reddit.com/r/conspiracy/comments/1lj8k36/and_if_you_ever_think_oh_no_they_wouldnt_oh_yes/
1lk2v2r,Have you noticed that there seems to be something off mentally with people these days?,"I've been noticing this for a while. People just seem more aggressive, and yet at the same time they're also almost vacant and apathetic. They don't care about the fact that their own governments poisoned them with a fake vaccine, and yet they get pretty aggressive and upset when you bring up not only the issue with the injections, but anything that goes beyond their programming.

I've noticed this both online and in real life. Even on reddit, it's amazing how a post that goes beyond people's ideas (but isn't personal) makes them irrationally aggressive. Some people make comments that don't even make sense. And in real life people aren't that different, [they're just more vacant and passive.](https://youtu.be/wcAUF0fygn4?si=pgVDc_I0Vfidw0TC) It's very strange, am I the only one noticing this?",2deepetc,19,13,1750849939.0,https://www.reddit.com/r/conspiracy/comments/1lk2v2r/have_you_noticed_that_there_seems_to_be_something/
1ljaeub,The Reason Why Things Feel Weird Right Now.,"Some of you Guys are not going to believe this, but fxxk it imma let the cat out of the bag and whoever resonates with this message will completely understand. 

Things feels weird because CERN is converging timelines. They understand that in this timeline, the earth is increasing in frequency and soon all of the low vibrational beings will cease to exist. To combat this, they want to converge our timeline with a timeline where we remain low in frequency so that they can stay. They have to show us what they are doing for consent/approval. That is why we even know about CERN in the first place (trust me they could have left the whole Cern experiment a secret and no one would have known about it) 

This is why time feels weird. Things we once knew are changing. Our dreams are more vivid. Some people are tired and sleeping more. Our reality feels like we are in a TV Show. 

The timeline they are trying to converge us with is one where ai takes over and we live everyday in survival mode, fear and worry(like the movie Terminator). Which keeps the earth in a constant low frequency. They are not capable of raising their frequency like we are because they are not connected to source . 

In order to not let this happen we need to not give energy/ consent to the things they want us to dwell on, fear, worry, anger, war, conquering etc.. We must begin to give energy to sharing, collaboration, unity, authenticity etc..
If you think i am crazy then you are right and you can run along without needing to leave a nasty comment. But i know there are people who feel that what i am saying is true and those are the people I made this post for. So to those people, I implore you to take this seriously and share it among people who will also understand. Our thoughts make our reality. Do not let them control OUR thoughts to make THEIR reality come true. ",b01000,1150,323,1750769829.0,https://www.reddit.com/r/conspiracy/comments/1ljaeub/the_reason_why_things_feel_weird_right_now/
1ljtcj8,"Is anyone else experiencing this, especially over the last few days?","If you get this you will know it. I know atleast a few others know what I am talking about...  But basically, its this phenomenon of ""hearing"" (its not hearing with the ears though) a very specific,  high pitched frequency. No, I dont mean tinnitus. Its not ""ringing in the ears"". This is something, different. I just dont have better words to describe it. 

Anyway, for those of you know what I am talking about, have you noticed an extreme increase in the amount of them you have received over the last 4-5 days or so? Prior to this week, I would have this experience maybe 2-3 times a month, *maybe*. But over this last 4-5 days, I am getting them like 5 times *a day*. And they are lasting longer. Like instead of 5-6 seconds, they are going for like 30+ seconds. And they ""feel"" more intense, and for a lack of better word, more ""directed"". 

Edit to add: didnt expect so much traction on this. Im surprised that there seems to be *so many* people that not only know what I am talking about, let alone a bunch of people also experiencing it. So that said, follow up question. What do you personally think it is? Personally, I've seen several explanations, some of which are mentioned in this thread. I feel like the best explanations for the phenomenon are either some sort of technology, communications from higher beings/angles/gods or possibly being able to ""hear"" the sun. But, I am not sure. It could be anything. ",notausername86,98,64,1750816098.0,https://www.reddit.com/r/conspiracy/comments/1ljtcj8/is_anyone_else_experiencing_this_especially_over/
1ljzbsg,This is why we can't find Shazaam,,TreyinHada,32,23,1750836455.0,https://www.reddit.com/r/conspiracy/comments/1ljzbsg/this_is_why_we_cant_find_shazaam/
1ljj8z4,"In response to Zionist propagandist Mark Levin, Congresswoman Marjorie Taylor Greene says JFK was assassinated for opposing Israel's nuclear program",,No_Raspberry6493,328,28,1750790452.0,https://www.reddit.com/r/conspiracy/comments/1ljj8z4/in_response_to_zionist_propagandist_mark_levin/
1ljswf8,Double False Flag. Alex Jones suggests Mark Levin & Mossad will False Flag an Iranian attack on U.S. soil that conservatives will say is a False Flag.,,GenKraken,74,31,1750814776.0,https://www.reddit.com/r/conspiracy/comments/1ljswf8/double_false_flag_alex_jones_suggests_mark_levin/
1ljavhu,Excerpt from a 1992 Bill Cooper interview â¬‡ï¸,,Disastrous_Monk_4079,601,108,1750771046.0,https://www.reddit.com/r/conspiracy/comments/1ljavhu/excerpt_from_a_1992_bill_cooper_interview/
1lk3rrq,What if the real conspiracy isnâ€™t whatâ€™s on the map â€” but whatâ€™s missing from it?,"Why does every old map show continents and landmasses that no longer exist?

From the Antarctica mystery to Hyperborea, Frisland, and Terra Australis, ancient cartographers documented land weâ€™re told was either â€œa mistakeâ€ or â€œan artistâ€™s guess.â€
But hereâ€™s the strange part:
These lands appear consistently across centuries of maps

They disappear after certain historical events â€” like the Jesuit takeover of cartography

Even modern satellite data gets censored or altered in key areas

Then add in:

The banning of books that mention extra lands

The Mandela effect around geography

Old explorer journals describing places we â€œcanâ€™t findâ€ today

What if the map is a control mechanism?
Not to show us the worldâ€¦ but to hide its full scope?
Are we being boxed into a reality smaller than it really is?

Letâ€™s talk about it. Drop any maps, sources, or books youâ€™ve seen that donâ€™t match the official story. ðŸŒðŸ‘‡",New_Dot_2094,10,4,1750852846.0,https://www.reddit.com/r/conspiracy/comments/1lk3rrq/what_if_the_real_conspiracy_isnt_whats_on_the_map/
1lk1ilx,Mandatory Wearables: The Next Phase of Control,"RFK Jr., now head of Health and Human Services, wants every American outfitted with â€œwearableâ€ tech to collect your health data, but make no mistake, this isnâ€™t about health. Itâ€™s about infrastructure for control.

Just like COVID, it will start with voluntary compliance, then escalate. A new â€œoutbreakâ€ will â€œrequire action,â€ and the same script will play out: fear campaigns, emergency declarations, and social pressure.

But hereâ€™s the real kicker, they wonâ€™t need enforcers. Your neighbors will do it. Just like last time, fear will be weaponized. The media will frame you as a threat to public safety for refusing the device. Youâ€™ll be blamed for â€œputting others at risk.â€ Friends, coworkers, even family will turn on you, not out of hatred, but programmed fear.

Live biometric tracking. Instant alerts. Health passports 2.0. This is the evolution of the beast system. silent, digital, and socially enforced.

It won't feel like tyranny at first, just common sense and doing your part.
Until it's too late.

",TreyinHada,13,3,1750845247.0,https://www.reddit.com/r/conspiracy/comments/1lk1ilx/mandatory_wearables_the_next_phase_of_control/
1ljynz5,Remember when Donald Trump and Thomas Massie were on the same side?,"Thomas Massie is still the same man, with the same convictions, fighting for the same objectives as he was back then when Donald Trump gave him his â€œComplete and Total Endorsement.â€

So why is Donald Trump shitting on him and talking about leading a primary challenge against him, three years later? ðŸ¤”",ReasonablyRedacted,21,8,1750833854.0,https://www.reddit.com/r/conspiracy/comments/1ljynz5/remember_when_donald_trump_and_thomas_massie_were/
1lk4bw1,"Why are some people mad at Trump for dropping 6 bombs on nuclear sites in Iran with 0 casualties while Obama dropped 26,000 bombs in six countries and there are thousands death and injured?",Rules for thee but not for me,Due_Contribution9882,7,19,1750854499.0,https://www.reddit.com/r/conspiracy/comments/1lk4bw1/why_are_some_people_mad_at_trump_for_dropping_6/
1lja4pt,Trump: â€œTwo countries that have been fighting so long that they donâ€™t know what the fuck theyâ€™re doingâ€,,Orangutan,505,126,1750769041.0,https://www.reddit.com/r/conspiracy/comments/1lja4pt/trump_two_countries_that_have_been_fighting_so/
1ljvu7o,Just started getting this ad on YouTube," Never before seen. Funny timing 
",snarkylemon,30,14,1750823802.0,https://www.reddit.com/r/conspiracy/comments/1ljvu7o/just_started_getting_this_ad_on_youtube/
1ljpx9l,"Shots fired! Chad Massie vs thickheaded JD & warpspeed Donald, which side you're on?",,DefenderOfMontrocity,76,44,1750806450.0,https://www.reddit.com/r/conspiracy/comments/1ljpx9l/shots_fired_chad_massie_vs_thickheaded_jd/
1ljtosa,"Thomas Massie Talks AIPAC, Spies and Pressure From Lobbyists",,Orangutan,40,9,1750817101.0,https://www.reddit.com/r/conspiracy/comments/1ljtosa/thomas_massie_talks_aipac_spies_and_pressure_from/
1lk4g7e,RFK wants all US citizens wearing a smart device within 4 years,"As the title says. This is to â€œmake America healthy againâ€. Where the fucks the outrage or at least questioning of this

",BathingWthToasters,5,3,1750854832.0,https://www.reddit.com/r/conspiracy/comments/1lk4g7e/rfk_wants_all_us_citizens_wearing_a_smart_device/
1lk4218,Life long learning is about self actualization,"Most peoples objectives in pursuing a formal university education, is to pursue a career of interest to make money. There is nothing wrong with that. You need money, to pay your bills, to feed, clothe and house yourself, and extra money to do what you enjoy in your free time. So most formal university education is designed to enhance your career success: getting hired, doing a better job, and getting promoted.

But learning should be more than that. It can be about reaching your full potential as a human being. That doesn't necessarily mean, maximizing income or wealth. If you only study what results in money, you are degrading the intrinsic value of knowledge. 

Knowledge can help you better understand the world. And put you in a better position to create new knowledge, or a better understanding of the world. The end result, being a better part of the world, for those who share your values and interests.

Unfortunately learning and knowledge creation has been monopilzed by a few universities. Where in USA you have to pay tens of thousands of dollars a year to learn. And you aren't challenged to think creatively. Where memorization of facts and rules for getting answers is key. Learning should be democratized, and be for everybody. 

Only a select few, like the PhD students, are encouraged to be creative and advance human knowledge. And even for them, it is about learning a particular discipline, and making an incremental advance. Interdisciplinary thinking is discouraged. 

You should be thinking creatively, and not restrict your knowledge acquisition and contribution. You should go beyond academic and professional disciplines.

Most important for life long learners, is access to information, and access to a community of learners and experts. This can be done by universities. Offering low cost in person seminars by experts, and large online courses. Or corporations and experts, also offering low cost seminars and online courses. And people have access to books, to learn the opinion of expert authors.

Lifelong learning allows you to grow as a person. But a person is a member of a community, from the local community, to the various groups he belongs, to the human community. For self actualization he should interact with these communities. To learn from them, and impart learning to them.

",fool49,5,2,1750853694.0,https://www.reddit.com/r/conspiracy/comments/1lk4218/life_long_learning_is_about_self_actualization/
1ljldta,Genuine question: is 5G a scam? It seems slower and less available than 4G was,"4G/LTE was faster and had better coverage. I remember hearing so much about how 5G would change everything, from enabling surgeries to take place from across continents in real time to other various things. I barely have reception half the time and I don't even live in the boons.",No-Moose-3409,88,31,1750795337.0,https://www.reddit.com/r/conspiracy/comments/1ljldta/genuine_question_is_5g_a_scam_it_seems_slower_and/
1ljtxbb,Is the Iranâ€“Israelâ€“U.S. Conflict a Distraction from Gaza?,"Something feels off.

When global outrage against Israelâ€™s bombardment of Gaza, especially the devastation in Rafah, peaked, the worldâ€™s attention suddenly shifted to tensions involving Iran, Israel, and the U.S. Headlines warned of possible war and fears of WWIII dominated the news, quickly burying Gazaâ€™s crisis.

Hereâ€™s why this seems suspicious:

Just before this escalation, images and videos of Gazaâ€™s destruction, particularly in Rafah, were everywhere online, highlighting severe humanitarian abuses.

Even international leaders and human rights groups began openly criticizing Israelâ€™s actions, calling them potential war crimes.

Suddenly, media attention switched completely to the Iranâ€“Israelâ€“U.S. tensions. Headlines screamed about missile strikes and retaliation threats, causing panic about a larger conflict.

But looking closely at what actually happened:

No significant damage or strategic changes occurred.

Iranâ€™s attacks appeared limited, symbolic, and carefully measuredâ€”similar to previous situations described even by Trump as â€œstagedâ€ or warnings rather than real attacks.

The U.S. and Israel quickly used this situation to justify increased military support and actions, shifting the narrative away from Gaza entirely.

It seems like a classic distraction.

When thereâ€™s heavy international pressure and criticism about Gaza, start a new, bigger fear elsewhere to divert attention.

Consider this:

Who benefited from shifting attention away from Gaza?

Why did the supposed â€œescalationâ€ quickly fade without a real conflict developing?

Was the timing just coincidental, right when Gaza was facing unprecedented international scrutiny?

This isnâ€™t proven factâ€”itâ€™s speculation. But the timing and the benefits for all sides involved seem highly convenient.

What do you think? Was this genuine escalation or a strategic distraction?",Boring-Career-4090,27,5,1750817805.0,https://www.reddit.com/r/conspiracy/comments/1ljtxbb/is_the_iranisraelus_conflict_a_distraction_from/
1ljuo6a,MK Ultra game of connect the dots,,Xdexter23,24,8,1750820108.0,https://www.reddit.com/r/conspiracy/comments/1ljuo6a/mk_ultra_game_of_connect_the_dots/
1lk2l3q,Which Secrets That Israel Has over USA are the scariest?,"Is it national secrets, dirt on presidents, money ?

I once read the book By Way of Deception, and it seems when the Mossad decided to direct the majority of their resources to Islamic terrorism in the 70s is when the US became most beholden to Israel. But it goes back way furtherâ€¦..",portoroc86,6,6,1750849015.0,https://www.reddit.com/r/conspiracy/comments/1lk2l3q/which_secrets_that_israel_has_over_usa_are_the/
1lja9u7,So remember yesterday when I said the ceasefire wonâ€™t even last 48 hours? Well it didnâ€™t even last 12.,,egyptiantouristt,256,100,1750769443.0,https://www.reddit.com/r/conspiracy/comments/1lja9u7/so_remember_yesterday_when_i_said_the_ceasefire/
1ljqgsn,The USA is the greatest country on Earth next to Israel?,https://truthout.org/articles/rubio-spokesperson-says-us-is-greatest-country-on-earth-next-to-israel/,k4rm1c,36,13,1750807838.0,https://www.reddit.com/r/conspiracy/comments/1ljqgsn/the_usa_is_the_greatest_country_on_earth_next_to/
1ljymjo,Supreme Court 6 - 3 decision and DOJ to push to permanently end all Assault Weapon Bans.,,Due_Contribution9882,9,1,1750833691.0,https://www.reddit.com/r/conspiracy/comments/1ljymjo/supreme_court_6_3_decision_and_doj_to_push_to/
1ljqmyx,WMD scavenger hunt 2.0,"Reportedly 400kg of highly enriched uranium, enough to build ten nuclear weapons, is in the wind. History is repeating itself. We gave them so much heads up that they were able to relocate before the strikes.

This sort explains Iranâ€™s incredibly weak retaliation against the US base in Qatar and why they gave the US advanced notification. Why would they seek further escalation when they still had what they really wanted? Maybe they were hoping we wouldnâ€™t notice. I donâ€™t know.

But the real question is - what are we going to do about it, now?",ReasonablyRedacted,32,31,1750808298.0,https://www.reddit.com/r/conspiracy/comments/1ljqmyx/wmd_scavenger_hunt_20/
1ljloxg,Sam Altman give me bad vibes. I dont know why but my instinct tells me not to trust him.,Proof me wrong. (Or right),TonightBigBig,63,30,1750796048.0,https://www.reddit.com/r/conspiracy/comments/1ljloxg/sam_altman_give_me_bad_vibes_i_dont_know_why_but/
1lk2b7q,"Real talk, friends across the world","I watched a comic say some real shit. I think we need real life friends, friends we can call on the phone, when news stories like the ones in this subreddit break, to set the narrative straight. 


The conspiracy in this, to me, is that we've become so addicted to shoving past one another like people late for a flight boarding just to say, ""Gotcha!  Im a genius and youre stupid!"" Levels of clout, that we refuse friendships and even calling on the phone to make sure people are okay.

Next time you hear a story of something going down, call first, and if you see someone posting that some disaster or action is happening in the world, and its being posted as a conspiracy with in minutes of it happening, the grain of salt is that they panic shared and didnt take the time to call and hear a voice in that region give them a real voice to the narrative. 

Podcst and live streams dont count,  dial the damn number.

Josh Johnson kinda put that perspective into my brain and it helps.

",TheTah,4,1,1750848067.0,https://www.reddit.com/r/conspiracy/comments/1lk2b7q/real_talk_friends_across_the_world/
1ljimju,"Senator Thom Tillis just slipped a massive gift to Big Pharma, Big Tech, and woke corporations into the â€œBig Beautiful Bill.â€ His anti-litigation finance plan (S.1821) slaps a 41% tax on the very tool that helps ordinary Americans fight back in court.",,arnott,78,19,1750789017.0,https://www.reddit.com/r/conspiracy/comments/1ljimju/senator_thom_tillis_just_slipped_a_massive_gift/
1ljb1xz,"Iran, Palestine, Ukraine, The Spanish Blackout and The Miami Mall Incident ... What Do They Have in Common? Portals.","### Summary
Portals were being bombed in Iran, not nuclear sites. Palestine houses earth's central portal, Mount Tabor; controlling it is the real reason for the IP conflict. There were many UFO sightings reported during the Ukrainian War, that's because a portal opened, and the war was created to cover-up the portal opening. The Spanish Blackout, it wasn't a ""climate event"", but a portal opened, energy weapons were over-deployed in an attempt to close it, and this took down the grid. The Miami Mall Incident wasn't race riots, but a portal opening; racial conflict is a common misdirection strategy. Moreover, in 4 of these 5 events, ethno-religious conflicts are used as the cover story for portal control. Even the Spanish Blackout, the official story was a ""climate event"", but mainstream media spread rumors of a cyber or energy weapons attack from Russia ... another ethno-religious misdirection.

### Iran
There are many discussions as to whether Iran houses key portals. One is the work of historian Mircea Eliade, which could be interpreted as describing a series of portals around the world, described as *Cosmic Mountains*, and distributed as *The World Tree*. In the book *Shamanisn* by Eliade, examining references to *Iran*, *The Cosmic Mountain*, *The Babylonian Ziggurat*, and *Ur* or *Uranian*, one might conclude there is a connection between portals to Uranus and Iran, albeit, that's probably an over-simplification.

Uranus is the planet associated with the zodiac sign Aquarius. One could ask whether the bombing of portals in Iran is designed to block the Age of Aquarius, or the beginning of a Golden Age. Mircea Eliade was an historian, not a theologian, as such these matters can be discussed as history, not blind-faith religion.

Portals may also explain some of the seeming jerkiness, or stop-start dynamics in this Iran-Israel War. Portals open at specific times, only need to be bombed then, otherwise can have a ""ceasefire"", which will be broken the next time the portal opens.

### Palestine
Again, examining *The Cosmic Mountain* and *The World Tree* in Eliade's work, we find a reference to *Mount Tabor* in Palestine, said to be the central portal of earth. This could explain the Israeli-Palestinian Conflict, it being a simple cover story for controlling these portals.

### Ukraine
Many rumors came out about increased UFO sightings during the Ukrainian War in 2022. ""Big Name"" UFO Researchers even addressed these rumors, although I believe they sided with debunking. Assuming UFOs did appear during the war, one counter-explanation was they appeared to protect people during the war, not just because a portal opened.

### The Spanish Blackout
This report contains my personal bias, as I created this Throw Away Account to document what I have been witnessing here in Spain. Leading up to the Spanish Blackout on April 25th, there had been several weeks of green and purple clouds, and even almost what appeared to be purple holes forming in the sky, as well as 100x presence of helicopters and military aircraft that appeared to be diving and circling these purple holes, as well as low-orbit space stations and satellites. It seems very possible these craft were deploying energy weapons to close the portal, and this took the grid down. This is my personal report, but there are similar reports percolating around Spain, and it seems there are similarities to the New Jersey Orbs.

### The Miami Mall Incident
Many eye witnesses described the 2024 Miami Mall Incident as what a lower-dimension portal-opening would look like. The cover story smells like it's out of the same playbook as above: The Miami Mall Incident was framed as race riots. Mainstream media kept replaying a video of a group of young black men jumping a middle-aged white man, but the white man literally gets up and walks away, then does an interview with a reporter; it was Kayfabe, it was fake. This is the same playbook used to cover-up all of the above portal incidents: distract observers with race-baiting.

### Conclusion
Once you begin to see things like this, it's hard to not see it everywhere. L.A. Riots? Maybe a portal opened on those days, in that location. Other things like Native American Burial Grounds, as well as the gatekeeping of Ancient Pyramids and Cyclopean Masonry like Stonehenge; this could all be about portal control.

You might be in Plato's Cave, my guy.",throw_away_cyclops,177,48,1750771531.0,https://www.reddit.com/r/conspiracy/comments/1ljb1xz/iran_palestine_ukraine_the_spanish_blackout_and/
1liu92f,What's going on?? Very weird,,Accurate_Teaching_32,2581,1046,1750717078.0,https://www.reddit.com/r/conspiracy/comments/1liu92f/whats_going_on_very_weird/
1ljwthc,Instagrams aggressive algorithms,"Iâ€™m a frequent user of IG and recently I have noticed the algorithm has gotten really aggressive, meaning any video you click on can really change what your feed becomes, but mostly when it comes to sex and violence.
I have also noticed that videos pertaining to both these subjects are getting more and more extreme, women are straight up naked now with maybe some blurring or barely any clothing that covers. 
When it comes to violence, the videos keep getting more and more explicit, specially if you continue to scroll without breaking or starting over. 
Now the question is why? First why is such content allowed, if they had the technology to add fact checking to any post pertaining to Covid, they have the technology to not allow this type of content. 
",ifidonteatigethungry,9,8,1750827043.0,https://www.reddit.com/r/conspiracy/comments/1ljwthc/instagrams_aggressive_algorithms/
1ljy6c5,are concerts satanic rituals?,"ive seen multiple huge bands / artists do some weird prayer thing before playing their concerts. 

for example james hetfield has numerous videos of him hunching over and mumbling some things to himself while holding his hands together before entering the stage.

another example travis scott astro world with satanic visuals and ""see you on the other side"" .. 
etc..

are concerts a ritual of some sort? this is not normal. ive also noticed if a band member dies, even if it was like 30 years ago, they keep announcing  some ""honouring"" to them every concert. ",Intrepid_Wa,5,24,1750831983.0,https://www.reddit.com/r/conspiracy/comments/1ljy6c5/are_concerts_satanic_rituals/
1lk3pwc,"WEATHER CONTROL ISNâ€™T A THEORY â€” ITâ€™S U.S. POLICY (with links, docs, and patents)","Iâ€™m not saying your government controls the weatherâ€¦  
Iâ€™m saying they **admitted they want to  and may already be doing it.**

All of this is real. All of it is public record. And somehow, almost **nobody** talks about it.

# 1. WEATHER MODIFICATION IS LEGAL IN THE U.S. Weather Modification Reporting Act of 1972 (Public Law 92-205)

* Yes, you read that right. Thereâ€™s a whole federal law that **requires people or companies to report weather modification activities** to the U.S. government.
* Cloud seeding, storm steering, and more.

 Official U.S. Code (Title 15, Chapter 9A)

Soâ€¦ why make it legal if itâ€™s not real?

# 2. GLOBAL TREATY BANS WEATHER WARFARE (Because Itâ€™s Possible)

# ENMOD Treaty (1976) - United Nations

* Official name: â€œConvention on the Prohibition of Military or Any Other Hostile Use of Environmental Modification Techniquesâ€
* 66 countries (including the U.S., Russia, China) signed it.
* It bans the use of environmental modification for military purposes (like causing earthquakes, floods, hurricanes).

[UN Treaty Database](https://treaties.un.org/pages/ViewDetails.aspx?src=TREATY&mtdsg_no=XXVI-1&chapter=26)

If this tech didnâ€™t existâ€¦ why make a treaty banning it?

# 3. U.S. MILITARY DOCUMENT: â€œOWNING THE WEATHER BY 2025â€

# Real report from the U.S. Air Force  not a hoax.

* Title: *Weather as a Force Multiplier: Owning the Weather in 2025*
* Strategic plan to weaponize and control weather
* Funded by taxpayer dollars

Archived PDF â€” Air Force Website Copy

Quote from page 3:

â€œIn 2025, U.S. aerospace forces can â€˜own the weatherâ€™â€¦â€

This is straight from the military. Not a theory.

# 4. OVER 100 WEATHER CONTROL PATENTS EXIST

Just a few examples:

* **US Patent 3564253**  System for irradiation of planet surface areas
* **US Patent 4686605**  Method and apparatus for altering atmosphere (this one's connected to HAARP)
* **US Patent 5003186**  Stratospheric Welsbach seeding for reduction of global warming

Go to the USPTO website or Google Patents. Search â€œweather modificationâ€ or â€œgeoengineering.â€ Itâ€™s all there.

# QUESTIONS NOBODYâ€™S ANSWERING:

* Why is this legal, patented, and militarizedâ€¦ but mocked as â€œconspiracyâ€ in the media?
* Why are climate events getting more extreme while this tech remains in the shadows?
* What if weather disasters arenâ€™t *all* natural anymore?

# TL;DR:

The U.S. government tracks and allows weather modification  
Thereâ€™s an international treaty banning weather warfare  
The Air Force wrote a whole plan to **control** weather  
There are *dozens* of patents proving the tech exists  
Yet they still call you crazy for even askingâ€¦

**Red pill moment: What if â€œplaying Godâ€ already happenedâ€¦ and nobody noticed?**  
Letâ€™s hear your theories, receipts, and questions.",SprinklesGullible674,2,3,1750852691.0,https://www.reddit.com/r/conspiracy/comments/1lk3pwc/weather_control_isnt_a_theory_its_us_policy_with/
1ljn1b9,"What if memory doesnâ€™t live in your brain or device, but in the electromagnetic field around it?",">

>",nice2Bnice2,22,20,1750799199.0,https://www.reddit.com/r/conspiracy/comments/1ljn1b9/what_if_memory_doesnt_live_in_your_brain_or/
1lk1iv7,What is a War ?,"Ever since wars have been funded by the Bankers the purpose of the war has been lost to the people because it is so odd and absurd that an average person cannot comprehend it.

Wars are accounting mechanisms to balance a ledgers of a Ponzi scheme. The Ponzi scheme we are referring to are what are considered by most people as ""world financial system"". 

The way it works is simple. You create a debt based financial system where you take control of every aspect of the economy via debt. All investments are debt based. All consumption is debt based. All public funding is debt based. He who controls the debt, controls the society.

A debt based system is a ponzi scheme since its extracting value out of society through something that has no intrinsic value. The only way to keep the system going is to keep issuing new debt to cover old debt. At some point the real ledger will be so deep into red that something drastic needs to be done. Banks owe money to people who deposited their savings but the savings have been more and more leveraged to the point where there is nothing left.

The only solution is to get rid of these savings - which are debt owed by the banks. How do you get rid of a debt? By getting rid of the debtors - in this case, the people who put their savings into the banks.

Wars, conflicts, social upheavals, financial crashes - all these are mechanisms by which the debtor is eliminated - either physically, or by losses attributed to these cataclysmic events - and the banks clean up their ledgers, grab all the assets and start again.

In a debt based system, wars will be forever.",baddadpuns,3,3,1750845273.0,https://www.reddit.com/r/conspiracy/comments/1lk1iv7/what_is_a_war/
1ljh07f,"Did you know: After the US invasion of Iraq in 2003, Iran sent a comprehensive peace proposal to the United States through Swiss diplomatic channels","**Contents: The Iranian offer was wide-ranging. It included:**

* Nuclear transparency: Full cooperation with the IAEA.
* Ending support for Hezbollah and Hamas.

* Recognition of Israelâ€™s right to exist (a major shift).

* Cutting off military support to Palestinian groups.

* Assistance in stabilizing Iraq.

* Acceptance of the Arab League's 2002 peace initiative.

[Source](https://archive.globalpolicy.org/empire/intervention/iran/general/2006/0524irancontradiction.htm)

>The Intercept has reported that **Elliot Abrams had a key role in disrupting a peace plan proposed by Iran, right after the U.S. invasion to Iraq in 2003.** Abrams' office received this plan by fax. They should have passed the plan to Condoleezza Rice. But she never saw it.

Who was Elliot Abrams?

>Elliott Abrams was born into a Jewish family. He is an American politician and lawyer, who has served in foreign policy positions for presidents Ronald Reagan, George W. Bush, and Donald Trump. Abrams is considered to be a neoconservative.

>His involvement in the Iran-Contra scandal during the Reagan administration led to his conviction in 1991 on two misdemeanor counts of unlawfully withholding information from Congress. He was later pardoned by president George H. W. Bush. 

>During Donald Trump's first term, on January 25, 2019, he was appointed by Mike Pompeo as Special Representative for Venezuela. **On September 1, 2020, he was further appointed to concurrently serve as the U.S. Special Representative for Iran.**

>On December 23, 2016, Abrams, a strong supporter of Israel, criticized Barack Obama for ""undermining Israel's elected government, prevent its action against Iran's nuclear weapons program, and create as much daylight as possible between the United States and Israel."" Abrams condemned Obama's decision not to block a UN resolution criticizing Israeli settlement building in the occupied Palestinian territories.

[Source](https://en.wikipedia.org/wiki/Elliott_Abrams?utm)",SortByyControversial,41,3,1750785420.0,https://www.reddit.com/r/conspiracy/comments/1ljh07f/did_you_know_after_the_us_invasion_of_iraq_in/
1ljhr0i,Schumann resonance spiking like crazy,"Has anybody been keeping track of the Schumann Resonance these past few days? There was a huge spike on the 21st (the day Iran was bombed), and there was another huge spike the next day, and then yesterday there were a couple of brief spikes, and now it looks like more big spikes are happening as I write this.  

[The major spike on the 21st](https://preview.redd.it/23mxlzppww8f1.jpg?width=531&format=pjpg&auto=webp&s=980b616e9b0f224fa838c421e6b74c73a96b446c)

[Another major spike on the 22nd](https://preview.redd.it/0u438yppww8f1.jpg?width=1290&format=pjpg&auto=webp&s=25cb762fc6ab66b0545a303c06117179d41b0345)

[The spikes yesterday and today ](https://preview.redd.it/n85hvzppww8f1.jpg?width=1290&format=pjpg&auto=webp&s=ac8f100f2fc0fd172a93116f6592f5b8f33369b3)

",randomgirl627,35,26,1750787070.0,https://www.reddit.com/r/conspiracy/comments/1ljhr0i/schumann_resonance_spiking_like_crazy/
1lir5us,What do you guys think is going to happen now?,"Is this really the end to the conflict, will Israel or America allow it to be. He just said yesterday that Iran needs to be overthrown if Iran doesn't change. So what will happen now?",aconnor105,1779,635,1750709761.0,https://www.reddit.com/r/conspiracy/comments/1lir5us/what_do_you_guys_think_is_going_to_happen_now/
1ljlgw0,Bomber of Abortion Clinic Dead in Custody,https://abc7news.com/post/daniel-park-death-alleged-conspirator-palm-springs-fertility-clinic-explosion-dies-federal-custody-los-angeles/16838048/,WolverineExtension28,21,7,1750795534.0,https://www.reddit.com/r/conspiracy/comments/1ljlgw0/bomber_of_abortion_clinic_dead_in_custody/
1lk4gxi,"A demon child, hidden community, and the mohel who couldn't leave","I wrote a horror story based on a 300-year-old Jewish mystical text that reads, in retrospect, like a proto-conspiracy. Itâ€™s called *The Circumcision*, and it follows a mohel flown out to perform a bris for a secretive, ultra-wealthy community hidden behind gates in Colorado. But the baby isnâ€™t normalâ€”and neither is the family.

The deeper he gets into their world, the more he realizes theyâ€™ve been watching him for years, they donâ€™t eat, they donâ€™t blink, and their gifts are *traps*. They even show him a room full of treasure and beg him to take something. The story touches on real folklore involving shaydim (shape-shifting demons) and ritual customs that still have echoes in contemporary practice.

Here's the original text: [Kav Hayashar 25:3](https://www.sefaria.org/Kav_HaYashar.25.3?lang=en&with=all&lang2=en)  
And my retelling: [*The Circumcision: A Story of Shaydim*](https://hebrewhorror.substack.com/p/the-circumcision-a-story-of-shaydim)",DarkQuarters,1,2,1750854889.0,https://www.reddit.com/r/conspiracy/comments/1lk4gxi/a_demon_child_hidden_community_and_the_mohel_who/
1ljwyql,Mouthy Buddha,"https://rumble.com/v1j5aj4-order-out-of-chaos-vol-1-the-b-thing.html

If you know Mouthy Buddha and his Pedogate 2020 video you will not be disappointed with this video by him and Adam Riva. It is called Order out of Chaos which explains the true culprits of the 9/11 false flag attack and their connections to the Mossad. He also has many other good videos on dauntless dialogue. 
",KDratioo,4,2,1750827579.0,https://www.reddit.com/r/conspiracy/comments/1ljwyql/mouthy_buddha/
1lk4aud,So what do we do? Itâ€™s pretty clear that something big will be constructed so we can all be chipped and turned into transhumans.,,TahmyGahn331,1,5,1750854416.0,https://www.reddit.com/r/conspiracy/comments/1lk4aud/so_what_do_we_do_its_pretty_clear_that_something/
1ljhx5x,A different take on how to â€œescape the matrixâ€,"As Iâ€™m looking for the words to explain the things Iâ€™ve experienced in the last 6 months, I find it better to keep the message simple and readable.

Without going too deep in the woo-woo era, letâ€™s examine what the matrix is.

The way that I perceive it, the matrix is a mental construct, a story we are telling ourselves about what reality is, our mind, or should I say our subconscious mind is functioning as the main receiver of reality, actually shapes our own reality, based on the things we believe and pay emotion too, this is not just spiritual knowledge but also based in psychology.

This is magik 101, based on every esoteric book that Iâ€™ve read.

Instead of looking for ways to make some sort of a revolution, as if any of us have a backup plan for a different social-construct, hereâ€™s a different approach:

Find out who you are, and when you do so, share this feelings with others, because I suspect, that under the right conditions (I would call it â€œmental synchronizationsâ€) between Individuals, we might share a belief so powerful that reality itself will bend. 

In simple words:

The collective decides what reality is.






",Onsomegshit,27,9,1750787455.0,https://www.reddit.com/r/conspiracy/comments/1ljhx5x/a_different_take_on_how_to_escape_the_matrix/
1ljzhuw,The power of names,just made this connection today anonymous uh was added in after heh you can probably ignore that part,Disgusting_Ad5725,2,6,1750837139.0,https://www.reddit.com/r/conspiracy/comments/1ljzhuw/the_power_of_names/
1lk329s,Iâ€™ve never asked Alexa to play Selena Gomez ever. But my first â€œAlexa play musicâ€ song of the day was her song â€œLose you to love meâ€. Does Amazon sell this spot to artists?,Title.,PracticeKitchen,0,3,1750850591.0,https://www.reddit.com/r/conspiracy/comments/1lk329s/ive_never_asked_alexa_to_play_selena_gomez_ever/
1ljlttg,Humanity has been under intelligent rule and control since Rome,"America resembles Rome for a reason. Itâ€™s a great model for shrouded rule by anonymous masters.

This means the psychological systems of influence (Christianity/abrahamic religions) installed during this time period are likely intelligently implanted to program and control humanity.",tittyslappa,16,4,1750796365.0,https://www.reddit.com/r/conspiracy/comments/1ljlttg/humanity_has_been_under_intelligent_rule_and/
1ljlqf4,How convenient.,"Information is trickling out that not only is it possible that Iran might have moved some of its highly enriched uranium, as a precaution, prior to the US airstrikes on their enrichment facilities - but now their is doubt being cast upon whether the facilities were completely destroyed and rendered useless. How convenient, the timing of this information as â€œboth sidesâ€ appear to seek a ceasefire (which by definition is temporary) so that Israel can restock its Iron Dome and Iran can repair/rebuild its infrastructure.

The ceasefire is theater. Donald Trump wants a Nobel Peace Prize and the Middle East wants time. Nobel Peace Prizes are awarded in December and cannot be rescinded once awarded. Therefore, after the ceremony in Norway has concluded, there will be no need to maintain this charade.

The narrative was that only the United States possessed the capabilities and necessary munitions to destroy Iranâ€™s fortified nuclear enrichment facilities. Now that doubt has been cast upon its effectiveness whether or not their nuclear program has been stopped, there will be only one card left to play - going in on the ground.

By the time December 10th rolls around we will be hearing how Iran has reopened the collapsed entrances to their underground facilities, rebuilt their infrastructure, and are mere weeks away from possessing a nuclear weapon. A false flag will be conducted to manufacture public support for a full scale ground invasion to remove Iranâ€™s nuclear capabilities, as well as aspirations, once and for all - by regime change.",ReasonablyRedacted,16,3,1750796147.0,https://www.reddit.com/r/conspiracy/comments/1ljlqf4/how_convenient/
1ljsuev,Top Gun,"Is anyone going to talk how this Iran "" so he's""skirmish"" was the exact plot to Top Gun Maverick? 
 
ALERT: Rogue State Accelerates Uranium Enrichment at Mountain Fortress

PENTAGON â€” Satellite imagery confirms illegal nuclear development deep in enemy territory. Location: narrow canyon protected by GPS jamming and SAMs. Strike window rapidly closing.


---

ðŸ›©ï¸ MISSION GREENLIT: Elite Navy Pilots Selected for Preemptive Strike on Nuclear Site

U.S.S. LEYTE GULF â€” Pentagon authorizes black ops aerial strike to destroy underground uranium facility before operational launch. Operation parameters demand high-G, low-altitude assault.",EmersonBloom,6,4,1750814604.0,https://www.reddit.com/r/conspiracy/comments/1ljsuev/top_gun/
1ljrowl,Lets take a break from iran and rewind to an oldie conspiracy theory - those MF lizards,I first heard this song like 15+ years ago lol,Hashtronaut_Mode,7,1,1750811229.0,https://www.reddit.com/r/conspiracy/comments/1ljrowl/lets_take_a_break_from_iran_and_rewind_to_an/
1lk2jkp,PSYOP THEORY: The Shazaam Movie Was a Memory Experiment,"
What if Shazaam did exist, but was part of a social engineering test?

Used as a controlled variable to measure:

How masses recall shared experiences,

How easy it is to overwrite memory using media silence,

And how public gaslighting affects belief and identity.



This would be MK-Ultra 2.0, not with LSD, but with narrative control, digital archives, and algorithmic suppression.
People vividly remember it, but theyâ€™re told theyâ€™re wrong.
No proof survives, but thatâ€™s the point of the experiment.

The real test isnâ€™t whether you remember Shazaam. Itâ€™s whether youâ€™ll believe your own memory... once the machine says you shouldnâ€™t.",TreyinHada,0,12,1750848872.0,https://www.reddit.com/r/conspiracy/comments/1lk2jkp/psyop_theory_the_shazaam_movie_was_a_memory/
1ljr69p,"Uhm... why is this crap in the Pfizer ""vaccine""?",,Ebollinge,6,12,1750809770.0,https://www.reddit.com/r/conspiracy/comments/1ljr69p/uhm_why_is_this_crap_in_the_pfizer_vaccine/
1lk22nx,RFK Jr. Wants Every American to Be Sporting a Wearable Within Four Years,"During a House committee meeting Tuesday, Kennedy announced a large-scale ad campaign from the federal government to hype wearable tech.",ringopendragon,0,9,1750847252.0,https://www.reddit.com/r/conspiracy/comments/1lk22nx/rfk_jr_wants_every_american_to_be_sporting_a/
1ljwa0j,Anybody remember a train derailed a while ago and a bunch of stuff went missing?,I remember the derailment in Ohio but I swear I recall there being another one around the time where tonnes of explosive material went missing. Am I tripping? ,Fragranceofstanley,3,10,1750825204.0,https://www.reddit.com/r/conspiracy/comments/1ljwa0j/anybody_remember_a_train_derailed_a_while_ago_and/
1lj7q97,Is this the fabled Samsung Option? :'),,ANALOVEDEN,78,12,1750761597.0,https://www.reddit.com/r/conspiracy/comments/1lj7q97/is_this_the_fabled_samsung_option/
1ljy99u,Does anyone else think that Colby from Sam and Colby got his cancer from going to chernobyl years ago?,Now I know this id a sensitive topic and this is in no means to disrespect him in any way. Ive been watching Sam and Colby since their vine days and love their content. When I heard he had cancer it was horrifying. I recently watched a series on chernobyl and the radiation can give cancer and I remember they ended ip by a crane arm which was right next the explosion. Chernobyl had a ton of radiation and im wondering if it caused or contributed to him getting cancer. I dont remember if he said what type of cancer but I've just been thinking about it and wondered if anyone else had insight or ideas to this. I do know they went there a very long time ago but still lots of radiation. So is it possible it contributed to it? The only reason that maybe It didnt is sam and the other person they were with wasnt effected but not everyone was effected at least not in a visible way. Any ideas?,haru_sato,3,5,1750832286.0,https://www.reddit.com/r/conspiracy/comments/1ljy99u/does_anyone_else_think_that_colby_from_sam_and/
1lk1iwl,Trumps outburst was planned a while ago,It's been so clear that trumps been in the pocket of isreal recently. Like more then ever. He probably planed with them an end where he let them go overboard and then a had a fit about them gets them in line and America/trump looks like top dog again. If it wasn't for this recent thing you could easily point out the asymmetric power relation between isreal and u.s to anyone. The difference between how other allies are treated compared to isreal. Systematic integration with not just politics but across many key industries to weild influence. This is all still true but now people will point to this one public statement and say it doesn't stand up,DowntownPurple913,1,2,1750845278.0,https://www.reddit.com/r/conspiracy/comments/1lk1iwl/trumps_outburst_was_planned_a_while_ago/
1lk15a1,Backward Masking - Hidden Messages In Song,"Various bands are accused of brainwashing followers with hidden messages in their songs.  This is the dark world of backmasking.

[https://youtu.be/daDoYq63XXs](https://youtu.be/daDoYq63XXs)

https://preview.redd.it/4by04mbdh19f1.jpg?width=1920&format=pjpg&auto=webp&s=d7e37aeaaafbbe92088180e22305bb39dafb621e

",chevy1976,0,1,1750843849.0,https://www.reddit.com/r/conspiracy/comments/1lk15a1/backward_masking_hidden_messages_in_song/
1lj18sa,News warns of terrorist activity on US soil,"Fox 26 Houston is reporting that the feds are warning of terrorist activity on US soil, I smell the setup of the next false flag, sleeper cells gonna come out or ?",Swaggysagesi6pths,232,63,1750737189.0,https://www.reddit.com/r/conspiracy/comments/1lj18sa/news_warns_of_terrorist_activity_on_us_soil/
1ljs023,"John Perkins: USAID, Economic Hit Men, Iran, & The China Model",,Orangutan,5,2,1750812111.0,https://www.reddit.com/r/conspiracy/comments/1ljs023/john_perkins_usaid_economic_hit_men_iran_the/
1lj91md,The Massacre That Disarmed Australia's Guns is Suspect as Heck! (Port Arthur Massacre-the Australian One),"Basic facts that don't line up;

* Martin Bryant (the alleged lone Shooter) was left handed but the shooter was right handed
* The shooting was borderline superhero marksmanship, he fired 17 shots in 15 seconds and killed/injured 22 people, with multiple head shots while firing from the hip. Before getting 3/3 face shots from 300 yards on fleeing targets as well.
* Bryant was legally mentally disabled with an IQ of 66 (similar intelligence to an average 11 y.o, but showed extensive planning, strategising, adaptability and intelligence well beyond this throughout the rampage.
* He was scared of powerful firearms.
* He had been noted as being largely bad at handling weapons, changing magazines etc.
* Victims that survived the shooting and new Martin Bryant emphatically claim that the shooter wasn't him.
* The local cops that would've been able to respond quickly were sent to the other side of the island conveniently before the shooting for a hoax drug bust.
* Despite there being government policies that dictated there should've been a coronial inquest there was no inquest or any real investigation to be had.
* The files for the case were conveniently locked under the highest levels of restriction after journalist started inquiring about the case, these files have been sealed for a 100 years from the shooting.

And there are so many more issues, curious things, and suspect events surrounding this shooting.

Given that this shooting was cause for the immediate and basically complete disarming of Australia, it really should be the most transparent investigation that has ever happened, and an event that should be a cultural icon for Australians but it is never talked about.

If people are interested checkout the Wasp Files on YouTube, solid shout out to the guy on that channel, he opened my eyes to this.

I feel like every Australian needs to know how suspect this whole thing was, and every person in the west should look into this as a case study of how they may come for your weapons one day.

I would love to see a firearms channel attempt to replicate some of the marksman feats Martin Bryant hit that day with their best shots, there's been multiple military and SF guys say that the shooting would be truly exceptional even for members of SF. ",RtotheJH,57,88,1750765905.0,https://www.reddit.com/r/conspiracy/comments/1lj91md/the_massacre_that_disarmed_australias_guns_is/
1ljfopi,Are you ever worried you were tricked into globalist beliefs?,"I think I'm a fairly rational person, I want to take things as they are and give humans the benefit of the doubt. I think that saying humans are all ""stupid"" or ""assholes"" is a deeply elitist opinion and yet I see that opinion constantly within conspiracy theory. Yes of course there are ignorant and rude people but to paint all of humanity like that is all but supporting a one world government, the exact thing that we should be against.

So I ask what are some beliefs you have that could be considered anti-humanist under this narrative and can you justify them? Whether it's anti-trans or anti-immigration I'd like to hear your behind your beliefs. ",ChiefRunningBit,22,123,1750782427.0,https://www.reddit.com/r/conspiracy/comments/1ljfopi/are_you_ever_worried_you_were_tricked_into/
1ljxfsw,MH370 Video Bedtime,"https://web.archive.org/web/19980508125013/http://trinity3d.com/products/graphics/pyro1-shkwv.gif

(Web archive from May 8th, 1998)",Ashinkashay,3,7,1750829246.0,https://www.reddit.com/r/conspiracy/comments/1ljxfsw/mh370_video_bedtime/
1ljhw1n,Whatâ€™s the deal with Anthony bourdain?,"The documentary of hi life was on last night and it made me realize that I honestly have no idea what I think happened to him. Iâ€™m sure it was not what was said happened. That he hung himself sober? 

But Iâ€™ve never looked into his death. 

So tell me about it! He was killed right? to make it look like suicide? 
Was Anthony speaking up about something sensitive? Was he a pedo? ",BerryGlad433,20,53,1750787385.0,https://www.reddit.com/r/conspiracy/comments/1ljhw1n/whats_the_deal_with_anthony_bourdain/
1liwcgi,Nothing ever happens.,Artificial acts of war. All an illusion.,LeftBrainDominant,429,26,1750722549.0,https://www.reddit.com/r/conspiracy/comments/1liwcgi/nothing_ever_happens/
1lk0cqd,"Forgotten Voyages to America, Phoenicians Came From Yemen the pre ice age civilization","I've been researching compelling connections suggesting the Phoenicians' origins might trace back to Yemen. This includes Colorado petroglyphs bearing striking resemblances to ancient Yemeni scripts, hinting at early trans-Atlantic contact or a shared, older origin.

The theories continue: Socotra Island is explored as the mythical ""Island of the Phoenix,"" with its location aligning with ancient trade routes. Linguistic and historical links also connect the ancient kingdom of Aksum (Axum) to ""Eikzum,"" pointing to further Arabian Peninsula ties.

Finally, the mythical tale of Europa isn't solely Greek; there's a growing theory it's actually derived from Yemeni folklore.

I've gathered resources and would love to open this up for discussion. What are your thoughts on these potential Yemeni influences on ancient civilizations and myths?",drseyed369,0,2,1750840688.0,https://www.reddit.com/r/conspiracy/comments/1lk0cqd/forgotten_voyages_to_america_phoenicians_came/
1ljnb9d,US involvement in Iran-Israel conflict is purely to save face,"Itâ€™s so obvious that itâ€™s actually kinda funny.

Obviously, the US is beholden to Israel for whatever sort Mossad has on our politicians, but Donald Trump just doesnâ€™t really care.

First off, it was only a month or two ago that Netanyahu pissed off Trump and [he threatened to cut ties with Israel](https://m.economictimes.com/news/international/us/has-donald-trump-cut-contact-with-one-of-his-closest-friends-israeli-prime-minister-benjamin-netanyahu-heres-the-reason-cited-in-reports/amp_articleshow/121111445.cms). Now, Israel is calling for US involvement in the war that they started. 

Trump has to do something or else Mossad will reveal whatever dirt they have on him, but I donâ€™t think Trump wants a full-scale war with Iran, especially on behalf of the dude that pissed him off (Netanyahu). So, [he tips Iran off](https://www.jpost.com/middle-east/iran-news/article-858546). What was said in the call? Who can say, but it was probably something like, â€œWe donâ€™t want another unpopular war in the middle east, but we have to give a token gesture of support for Israel. Weâ€™re going to send some bombers to Fordow, so get what you need out of there first.â€ And Iran responded by [moving the important stuff out of Fordow](https://www.thefp.com/p/did-iran-just-sneak-out-critical).

Now, itâ€™s gotta look legit. Iran letting the US bomb their uranium enrichment facility without retaliation is going to raise eyebrows, so what does Iran do? Thatâ€™s right, they return the favor and [Iran gives the US a heads up on the attack on the base in Qatar](https://www.cbsnews.com/amp/news/trump-iran-early-notice-qatar-attacks-us-base/). 

Both sides have fulfilled their duties and appear to the world that they have complete legitimacy. [Trump can now call for a ceasefire](https://www.forbes.com/sites/zacharyfolk/2025/06/24/us-attack-reportedly-only-set-irans-nuclear-program-back-a-few-months-live-updates/) and avoid dragging the US into a war with Iran. Israel gets the US to bomb Fordow and Iran gets some punches in on Israel and the US. Everyone is happy, right? Wrong. [Israel wants a full-scale war with Iran](https://www.aljazeera.com/news/liveblog/2025/6/24/live-trump-announces-ceasefire-no-confirmation-from-israel-iran) and Iran isnâ€™t going to let Israel walk all over them.

One thing is clear though, [Trump wants nothing to do with it](https://www.newsweek.com/israel-iran-ceasefire-trump-strikes-live-updates-2089804).

We will see what happens from here on out in the coming weeks, but I can assure everyone in the US that we will not get involved in another war in the Middle East, and this conflict will not start World War 3. The only way that happens is if Israel conducts a false-flag operation on US soil and implicates Iran the an attack. However, it is clear that from this brief exchange of hostilities between the US and Iran, neither country wants to go to war with the other. A false-flag operation is the only way that Israel gets the US involved in a full-scale conflict. Unless this post gets deleted for some reason, feel free to come back to this post if-and-when the US gets dragged into this war by some attack on US soil or the US military that implicates Iran as the aggressor. ",Neuro-Byte,8,6,1750799851.0,https://www.reddit.com/r/conspiracy/comments/1ljnb9d/us_involvement_in_iranisrael_conflict_is_purely/
1liyg56,Beware! Beware! The Rockets Red Glare,"The window for 20,000 troops and military equipment being used **DOMESTICALLY** ends at the same window as...  

The two weeks he gave **Iran** to negotiate a deal, ends at the same window...

The tariff window is July 9th, which is the same window if something happened before the week starts and people would make a lot of money if the market crashes...

We also have a massive bill getting ready to pass. Every massive money bill has coincided with a market crash that the same people have gotten massively rich on.  

They ran simulations of a **bio-event** earlier this year that focused on this same time period.  

We also enter the media dead time where sports are no longer talked about and media numbers are at their lowest, and a window they have used before in our media age. 

This post will be forum slid and negative comments everywhere.  Please pass this on to the people you love before it is burried. They do not care about our opinion.",garthsworld,306,62,1750728665.0,https://www.reddit.com/r/conspiracy/comments/1liyg56/beware_beware_the_rockets_red_glare/
1lk02tp,Bayside Miami Mall Aliens failed cover-up,"https://vm.tiktok.com/ZMS9DCJ8f/

Now we just need Roswell ",Aggressive-Dot9747,0,2,1750839552.0,https://www.reddit.com/r/conspiracy/comments/1lk02tp/bayside_miami_mall_aliens_failed_coverup/
1lk014m,No one seems to talk about the possibility of good secret societies.,"I could probably understand why folks may not think about it. If evil does run the world, they are the ones who would actually be out in the open, i.e. freemason lodges and whatnot. But I always felt there were other secret societies that actually not only want humanity to prosper but to ultimately defeat the other various globalist factions. I felt like since they are not running things, they would be even more secret, seeing how they would be fewer in number and not have as much protection and are more vulnerable overall.  Probably don't even know where to look or who to talk to. Maybe some of these societies would have people actually come to you instead of you seeking out them. Perhaps there could be a secret group that isn't even a group at all, but just a teacher and student who has passed on knowledge from one to another, so each one would be more knowledgeable than the last.

  
Perhaps we actually have way more people helping us than we think and aren't even aware of it, because of their secretive nature. I imagine if there aren't any groups, than there most definitely is someone from the inside, waiting to betray their masters. Seeing how the elite don't really have too many loyal people and the only reason why they got where they are now is because they resort to bribes folks or use threats and coercion, which kind of by nature, invites folks to betray them eventually anyway. Maybe some have already broken away from these factions to do their own thing. Although some may be doing good, while others are just as evil as the faction they broke away from and instead have their own agenda.

  
I do kind of wonder, if there are good secret societies, who would they be and would we ever really know of their existence, unless they come to us.",Yabuturtle9589,2,22,1750839359.0,https://www.reddit.com/r/conspiracy/comments/1lk014m/no_one_seems_to_talk_about_the_possibility_of/
1liunie,did trump just lie? for what purpose?,I am referring to the other post where he talks about a ceasefire,Accurate_Teaching_32,489,383,1750718086.0,https://www.reddit.com/r/conspiracy/comments/1liunie/did_trump_just_lie_for_what_purpose/
1lj5y3t,Just some thoughts if Iran gets too weak,"Hey there, howdy.

I donâ€™t like Iranâ€™s leaders neither, not sayin theyâ€™re good. But if Iran gets too weak, it might cause more problems than folks think.

Talibanâ€™s right next door in Afghanistan. If Iran canâ€™t hold the line, Taliban might start spreadin or stirrin up trouble. Then thereâ€™s Pakistan â€” they ain't always friendly with Iran and could take advantage too.

Also Iraq could get worse. Iran has influence there that keeps some kinda balance. If they lose it, ISIS might come back again. We all saw what happend last time, wasnâ€™t good.

Some say America will fix it if things go bad, but most Americans donâ€™t wanna send ground troops no more. After Iraq and Afghanistan, folks are tired. Maybe some of you young people can't wait to get drafted, but can we at least get 6 months of good GTA 6 gameplay first?

So yeah, I ainâ€™t supportin Iranâ€™s goverment, but breakin the country too much might backfire. But at the same time majority American's don't want Iran to have nukes, question is how to balance that. 

What yâ€™all think?",Master-Khalifa,77,36,1750754823.0,https://www.reddit.com/r/conspiracy/comments/1lj5y3t/just_some_thoughts_if_iran_gets_too_weak/
1lk2xiv,How can we help Palestine?,"Realistically. It seems that all the groups in power are pro-Israel.
",candygirl00056,0,28,1750850165.0,https://www.reddit.com/r/conspiracy/comments/1lk2xiv/how_can_we_help_palestine/
1ljkq0l,"Strike Set Back Iranâ€™s Nuclear Program by Only a Few Months, U.S. Report Says",,robertovertical,9,4,1750793804.0,https://www.reddit.com/r/conspiracy/comments/1ljkq0l/strike_set_back_irans_nuclear_program_by_only_a/
1ljk7gu,"Letâ€™s talk guys, why does ancient art look like modern technology?","Iâ€™ve been diving into ancient art lately like cave paintings, carvings, statues and some of it just looksÂ *way too advanced* for the time periods theyâ€™re from.  
Youâ€™ve got figures wearing what look like helmets, suits, even sitting in what resembles aircraft or control podsâ€¦ and this isnâ€™t just in one culture. It's everywhere â€” India, Japan, Australia, South America.

Mainstream archaeology usually explains it away as symbolism or myth, but how doÂ *so many*Â unconnected civilizations come up with nearly identical imagery?

Is it just coincidence, collective imaginationâ€¦ or are we missing something much bigger?

Curious to hear your thoughts. Coincidence? Misinterpretation? Or proof of something more?",kemalioss,7,2,1750792600.0,https://www.reddit.com/r/conspiracy/comments/1ljk7gu/lets_talk_guys_why_does_ancient_art_look_like/
1liw91m,How I Got Into Conspiracies,"The first time I went to Iraq, we had bases full of  Soldiers, some who didnâ€™t have much to do, yet civilians were running base security, gyms, DFACs, laundry. KBR was the name I saw the most, their branding was everywhere. These civilians were making over $100,000 a year and getting leave every three months. Meanwhile, we were risking our lives for $20â€“30k.

During the three-day convoy from Iraq to Kuwait moving all my divisions broken-down vehicles. I passed out many MREs. We had alot of them. Once we arrived, we were told everything had to be destroyed. The reason was something about cross-contamination between theaters. Still, it didnâ€™t sit right with me. We couldâ€™ve given that food and water to civilians. Instead, it was policy to trash it.

When I got back to Germany, I watched Fahrenheit 9/11. I havenâ€™t seen it since, but I remember it pointing to how Halliburton, which owned KBR at the time, was awarded massive no-bid contracts in Iraq. These corporations were handed blank checks, while we were treated like tools in someone elseâ€™s profit scheme.

Later I learned that companies like KBR were operating under cost-plus contracts. They were reimbursed for every dollar spent, plus a guaranteed profit margin. So the more that got used, or wasted, the more money they made. 

That was my intro into conspiracies. 

",TreyinHada,294,33,1750722286.0,https://www.reddit.com/r/conspiracy/comments/1liw91m/how_i_got_into_conspiracies/
1lisg2s,"Well thatâ€™s it guys, itâ€™s officially over. The war is over before it began.","Iran retaliated with a weak attack and Trump says itâ€™s time for global peace. Gosh that was easy. Why didnâ€™t we do all of this sooner? No need to pay attention to the rumors about sleeper cell attacks or cyber attacks or closing the Straight of Hormuz or Senator Linsey Graham pushing for full ground invasion of Iran or US Congress having to change their pants out of excitement over the prospect of war or Israel wanting regime change in Iran or Donald Trump himself tweeting about regime change, just yesterday. Itâ€™s all good now. Thank you for your attention to this matter.",ReasonablyRedacted,455,151,1750712728.0,https://www.reddit.com/r/conspiracy/comments/1lisg2s/well_thats_it_guys_its_officially_over_the_war_is/
1ljxkgc,Prophetic Childrenâ€™s Book or Political PR Stunt?,"Letâ€™s cut to the chase . The so-called â€œBarr0n +rumpâ€ books didnâ€™t just magically reappear in 2017. They were launched, marketed, and weaponized â€” likely by a political PR firm running a scripted narrative campaign. Hereâ€™s how the pieces fall into place: ðŸ”» Zero historical footprint until +rump took office. These books were supposedly written in the 1890s, yet thereâ€™s no trace of them being discussed, catalogued, or taught â€” anywhere â€” before 2016. No citations, no coverage, not even obscure book nerd chatter. Thatâ€™s not â€œforgotten classic,â€ thatâ€™s â€œfake relic.â€

ðŸ”» The company â€œInger50ll L0(kW00D, Inc.â€ launched a site in 2017, pushing futurist vibes, â€œquantum AI,â€ and weirdly patriotic vibesâ€¦ while also linking directly to these obscure Barr0n +rump books. Because thatâ€™s what every serious cyber-defense company does, right? Promote childrenâ€™s fantasy novels from 1893?

ðŸ”» Same address as a modern political PR firm: 1717 Pennsylvania Ave NW, Suite 1025, Washing+0n, DC. Thatâ€™s the address listed for both Ingers011 L0(kw00d, Inc. and Patri0+ Strategies â€” a well-connected, very real PR & consulting company. What are the odds? No, seriously.

ðŸ”» â€œIngers011 L0(kw00dâ€ the author has no legacy, no relatives, no verified presence beyond a few recycled bios. Itâ€™s like he appeared just long enough to â€œwriteâ€ these prophetic books, then got erased from literary history. Convenient as fuck.

ðŸ”» All this just happens to go viral at the peak of q an0n fever? The same time +rump obsession was at an all-time high, and (onspiracy theories were begging for a messianic myth? This whole thing feels like it was manufactured to serve a narrative â€” not discovered, not rediscovered, not preserved.

âž¡ï¸ Bottom line: This isnâ€™t prophecy. This is marketing. The books were either written or heavily rewritten and published in 2017, then blasted across the internet with just enough â€œspooky coincidenceâ€ to trick people into believing something deeper was going on.

And guess what? It worked. People still believe this is some mystical premonition. But look closer â€” the trail leads right back to PR firms, shady websites, and empty historical records. You got played.

ðŸ“Ž Iâ€™ve got receipts if anyone wants to dig deeper. Letâ€™s expose this manipulative attempt to rewrite history.

Sources:

ðŸ”— official Ingers011 Lo(kw00d site: https://www.ingersolllockwood.com ðŸ”— Patri0+ Strategies (same physical DC address): https://www.patriotstrategies.com/about/our-locations ðŸ”— Project Gutenberg entry for â€œBarr0n +rumpâ€¦â€: [link] ðŸ”— Wayback Machine for ingersolllockwood.com (launch date = 2017): [archive.org blink]",squirrelysarah88,1,6,1750829718.0,https://www.reddit.com/r/conspiracy/comments/1ljxkgc/prophetic_childrens_book_or_political_pr_stunt/
1lk304r,Payrings - mark of the beast,"Mark of the beast was told to be either on forehead or right hand. Payrings fit this well. Noone would want to have implants under skin. But rings were made cool even for men. The conspiracy is that all of us were brainwashed with ""Lord of  the rings"" movies to want a ring. Even if LOTR has been written half a century ago. 
Now that payrings are here they will replace both cash and card. You will not be able to buy or sell without a payring. 


Revelation 13:16 - 17 (ESV):
""Also it causes all, both small and great, both rich and poor, both free and slave, to be marked on the right hand or the forehead,
so that no one can buy or sell unless he has the mark, that is, the name of the beast or the number of its name.""

""One Ring to rule them all, One Ring to find them,
One Ring to bring them all and in the darkness bind them.""",bnrt1111,0,3,1750850402.0,https://www.reddit.com/r/conspiracy/comments/1lk304r/payrings_mark_of_the_beast/
1lk2kdn,The real deadpool (the actor who is nameless) is a serial killer and a body snatcher,"If I donâ€™t post, I risk dying. If I post heâ€™ll still kill me. If this isnâ€™t approved Iâ€™m probably already dead. Ryan Reynolds is DEAD and has been for longer than I can share. The last time I tried to alert my local police they put me in a mental institution. This time theyâ€™ll find me dead. Ryan appears to be alive but is actually actively killing people. He just jumped into actor Jonathan Baileyâ€™s body yesterday to escape. I presume he jumps back and forth. But he knows where I live. I heard his voice outside knock on the door as a utility guy. Heâ€™s also the Minnesota murderer. I hope the police do something in time. Iâ€™ve been talking to him since 2014 since he was already dead! This man is going around killing innocent people. Ok dead man walking. Invisible man who smells like death which is actually shit! His deadpool suit the original was filled with his dna. He never took it off. And was actually killing fans at that time. I told the cops search his property. No one listened. I hope justice is served beyond the grave if I donâ€™t make it. I told them he was my murderer. Everyone laughed. Premonition maybe. Since. This fuck has multiple bodies. Iâ€™m sure one is visible. Iâ€™m scared. Everytime I hear his voice I jump. If I see anyone even resemble him I flinch. If I tell my local cops. It wonâ€™t be good. Iâ€™ll be sent away and his invisible body can still find me. I will try to answer if I donâ€™t get blocked or killed for now. Please believe me. Iâ€™m not making this up. Thereâ€™s apparently a wade wilson in Florida serving a sentence as well but thatâ€™s just his extra body. I donâ€™t know how much bodies he has. I didnâ€™t have a choice on how to post or where to post. I figured sleuths are in here. ",iloveutimes3,0,10,1750848947.0,https://www.reddit.com/r/conspiracy/comments/1lk2kdn/the_real_deadpool_the_actor_who_is_nameless_is_a/
1lj1w45,The GREAT RESET Agenda 21 2030,"GREAT RESET AGENDA 21 2030 / PROJECT 2025.
 YOU WILL OWN NOTHING AND BE HAPPY . â€œEAT ZA BUGZâ€ 
THE ENTIRE WOLRD IS PLAYING THE GAME.
 UNITED NATIONS.
WEF.
 ORDER OUT OF CHAOS . WORLD WAR THREE . GLOBAL RESET.
TOTALITARIANISM GOVERNMENT.
AFTER EVERYTHING IS DESTROYED . THEY WILL OFFER SMART CITIES , AI FULLY INTERGRADED SYSTEMS , ETC â€¦
 READ THE BOOK â€œTHE FOURTH INDUSTRIAL REVOLUTION . 
WE WILL KNOW NOTHING OF THE OLD WOLRD WE KNOW OF TODAY. 
THE NEW BRENTWOOD SYSTEM LIKE THEY OFFERED AFTER WW2 . 
THE WORLD TODAY WE KNOW WILL SOON BE DESTROYED. A NEW DIGITAL AI SYSTEM WILL BE IMPLEMENTED.
READ KLAUS SCHWAB AND YUVAL NOAH HARARI BOOKS . ",MAN-THEE-KREATURE,88,51,1750739325.0,https://www.reddit.com/r/conspiracy/comments/1lj1w45/the_great_reset_agenda_21_2030/
1ljiajl,An excerpt from Manly P. Hallâ€™s book about the pineal gland. Some people say that activating the pineal gland makes one enlightened,"Page 1:

https://preview.redd.it/dc9y1f130x8f1.png?width=1080&format=png&auto=webp&s=6fafa04c8f55d3baca781e586cb751151ae457a5

=========================================

Page 4:

https://preview.redd.it/lvypeqr50x8f1.png?width=1080&format=png&auto=webp&s=9d563311caee5c92d5d34d839fdfcbef89b0c776

",-Joel-Snape-,9,11,1750788282.0,https://www.reddit.com/r/conspiracy/comments/1ljiajl/an_excerpt_from_manly_p_halls_book_about_the/
1ljkg2e,"Botox usage reduces the ability to generate emotions, such as empathy","Botox injections can interfere with the ability to empathize, due to their impact on facial muscle movement and the facial feedback hypothesis. By limiting facial expressions, Botox reduces the ability to mimic and consequently understand the emotions of others. ",caem123,7,4,1750793147.0,https://www.reddit.com/r/conspiracy/comments/1ljkg2e/botox_usage_reduces_the_ability_to_generate/
1ljzhq5,RFK Jr: â€œ My vision is that every American is wearing a wearable within 4 years,"Now it makes sense why they allow him around

https://x.com/HustleBitch_/status/1937552935220854849",HTXPhoenix,0,3,1750837123.0,https://www.reddit.com/r/conspiracy/comments/1ljzhq5/rfk_jr_my_vision_is_that_every_american_is/
1lin921,So US and Iran are basically telling each other before their attacks? This all seems performative at this point.,"they tell each other where they are going to attack, they clear personnel and equipment from those sites, etc. Like the NYT already reported that the Iranian attack was communicated to Qatar before it happened, heard rumblings that the US did this to Iran before bombing their nuke sites, etc. 

this is just a US tech demo to IRL real world enemies. The upcoming ""peace treaty"" and steps to it have already been pre-arranged by all sides and Iranian officials properly promised tons of $$$$ to comply

they are secretly laughing and busting each other's balls",Raiden720,538,84,1750700800.0,https://www.reddit.com/r/conspiracy/comments/1lin921/so_us_and_iran_are_basically_telling_each_other/
